timestamp,temperature
2023-08-01 00:00:00,25.69166666666668
2023-08-01 01:00:00,24.83083333333333
2023-08-01 02:00:00,24.55783333333333
2023-08-01 03:00:00,24.204
2023-08-01 04:00:00,23.450333333333322
2023-08-01 05:00:00,23.34683333333333
2023-08-01 06:00:00,23.70000000000001
2023-08-01 07:00:00,24.351500000000005
2023-08-01 08:00:00,24.730166666666666
2023-08-01 09:00:00,26.673999999999985
2023-08-01 10:00:00,27.885833333333334
2023-08-01 11:00:00,29.509166666666662
2023-08-01 12:00:00,31.28650000000001
2023-08-01 13:00:00,33.107666666666674
2023-08-01 14:00:00,34.84216666666668
2023-08-01 15:00:00,35.73333333333334
2023-08-01 16:00:00,35.133166666666654
2023-08-01 17:00:00,33.303999999999995
2023-08-01 18:00:00,31.873666666666665
2023-08-01 19:00:00,30.95583333333333
2023-08-01 20:00:00,29.824000000000023
2023-08-01 21:00:00,28.24466666666667
2023-08-01 22:00:00,27.17100000000001
2023-08-01 23:00:00,26.90816666666666
2023-08-02 00:00:00,26.75033333333332
2023-08-02 01:00:00,26.01016666666668
2023-08-02 02:00:00,26.0365
2023-08-02 03:00:00,25.9525
2023-08-02 04:00:00,25.54633333333333
2023-08-02 05:00:00,25.230166666666666
2023-08-02 06:00:00,24.87700000000001
2023-08-02 07:00:00,24.215999999999998
2023-08-02 08:00:00,24.626
2023-08-02 09:00:00,25.63250000000001
2023-08-02 10:00:00,27.03783333333333
2023-08-02 11:00:00,27.39099999999999
2023-08-02 12:00:00,28.008333333333344
2023-08-02 13:00:00,28.34883333333333
2023-08-02 14:00:00,29.396166666666666
2023-08-02 15:00:00,30.26033333333332
2023-08-02 16:00:00,30.743500000000004
2023-08-02 17:00:00,30.77966666666667
2023-08-02 18:00:00,30.65999999999999
2023-08-02 19:00:00,31.18300000000001
2023-08-02 20:00:00,30.815166666666666
2023-08-02 21:00:00,29.70983333333335
2023-08-02 22:00:00,29.184500000000018
2023-08-02 23:00:00,28.74450000000001
2023-08-03 00:00:00,27.851833333333325
2023-08-03 01:00:00,26.88316666666667
2023-08-03 02:00:00,26.437833333333334
2023-08-03 03:00:00,26.11966666666667
2023-08-03 04:00:00,25.73333333333334
2023-08-03 05:00:00,24.85066666666665
2023-08-03 06:00:00,24.44850000000001
2023-08-03 07:00:00,24.04516666666668
2023-08-03 08:00:00,24.42166666666666
2023-08-03 09:00:00,25.12416666666665
2023-08-03 10:00:00,25.287166666666664
2023-08-03 11:00:00,25.655833333333334
2023-08-03 12:00:00,26.409499999999994
2023-08-03 13:00:00,26.603333333333346
2023-08-03 14:00:00,26.89133333333333
2023-08-03 15:00:00,27.518833333333344
2023-08-03 16:00:00,27.922500000000007
2023-08-03 17:00:00,28.292833333333334
2023-08-03 18:00:00,29.4055
2023-08-03 19:00:00,29.963000000000008
2023-08-03 20:00:00,29.460833333333333
2023-08-03 21:00:00,28.63650000000002
2023-08-03 22:00:00,27.94916666666667
2023-08-03 23:00:00,27.74266666666667
2023-08-04 00:00:00,27.077833333333334
2023-08-04 01:00:00,26.735666666666663
2023-08-04 02:00:00,26.263666666666666
2023-08-04 03:00:00,25.584833333333325
2023-08-04 04:00:00,25.162166666666664
2023-08-04 05:00:00,24.76566666666667
2023-08-04 06:00:00,24.455
2023-08-04 07:00:00,24.466166666666666
2023-08-04 08:00:00,24.78533333333333
2023-08-04 09:00:00,25.29133333333333
2023-08-04 10:00:00,25.37800000000001
2023-08-04 11:00:00,25.030166666666656
2023-08-04 12:00:00,24.92833333333333
2023-08-04 13:00:00,25.238666666666656
2023-08-04 14:00:00,25.438666666666666
2023-08-04 15:00:00,25.65600000000001
2023-08-04 16:00:00,26.43783333333333
2023-08-04 17:00:00,27.011999999999986
2023-08-04 18:00:00,27.526666666666657
2023-08-04 19:00:00,27.38866666666665
2023-08-04 20:00:00,27.37766666666664
2023-08-04 21:00:00,26.840666666666674
2023-08-04 22:00:00,25.527000000000005
2023-08-04 23:00:00,24.94416666666666
2023-08-05 00:00:00,24.792999999999992
2023-08-05 01:00:00,24.17433333333333
2023-08-05 02:00:00,23.721999999999994
2023-08-05 03:00:00,23.218666666666664
2023-08-05 04:00:00,22.340166666666665
2023-08-05 05:00:00,21.787500000000005
2023-08-05 06:00:00,21.64683333333333
2023-08-05 07:00:00,21.908333333333324
2023-08-05 08:00:00,22.73733333333333
2023-08-05 09:00:00,23.753
2023-08-05 10:00:00,25.18433333333333
2023-08-05 11:00:00,25.7355
2023-08-05 12:00:00,26.432666666666666
2023-08-05 13:00:00,27.37516666666665
2023-08-05 14:00:00,27.874500000000005
2023-08-05 15:00:00,27.692499999999995
2023-08-05 16:00:00,28.35383333333334
2023-08-05 17:00:00,27.84183333333333
2023-08-05 18:00:00,26.982333333333337
2023-08-05 19:00:00,27.21133333333333
2023-08-05 20:00:00,26.888666666666666
2023-08-05 21:00:00,25.831666666666656
2023-08-05 22:00:00,25.103666666666665
2023-08-05 23:00:00,23.9525
2023-08-06 00:00:00,22.78616666666667
2023-08-06 01:00:00,22.252333333333315
2023-08-06 02:00:00,22.18800000000001
2023-08-06 03:00:00,20.898666666666678
2023-08-06 04:00:00,20.424666666666674
2023-08-06 05:00:00,20.000833333333333
2023-08-06 06:00:00,19.57066666666666
2023-08-06 07:00:00,19.342166666666667
2023-08-06 08:00:00,20.229500000000012
2023-08-06 09:00:00,20.866833333333343
2023-08-06 10:00:00,21.51783333333334
2023-08-06 11:00:00,22.39683333333333
2023-08-06 12:00:00,23.199333333333325
2023-08-06 13:00:00,24.13516666666667
2023-08-06 14:00:00,25.36766666666667
2023-08-06 15:00:00,26.336666666666666
2023-08-06 16:00:00,27.253999999999987
2023-08-06 17:00:00,27.505333333333322
2023-08-06 18:00:00,28.6535
2023-08-06 19:00:00,28.487500000000004
2023-08-06 20:00:00,27.844999999999995
2023-08-06 21:00:00,26.89633333333333
2023-08-06 22:00:00,26.09816666666666
2023-08-06 23:00:00,24.811999999999994
2023-08-07 00:00:00,23.550666666666668
2023-08-07 01:00:00,22.35833333333333
2023-08-07 02:00:00,20.986833333333333
2023-08-07 03:00:00,20.217
2023-08-07 04:00:00,19.509166666666665
2023-08-07 05:00:00,18.8515
2023-08-07 06:00:00,18.371666666666666
2023-08-07 07:00:00,17.86466666666666
2023-08-07 08:00:00,18.0365
2023-08-07 09:00:00,19.188666666666666
2023-08-07 10:00:00,20.91433333333333
2023-08-07 11:00:00,22.51016666666667
2023-08-07 12:00:00,24.18666666666667
2023-08-07 13:00:00,25.788333333333334
2023-08-07 14:00:00,26.89266666666667
2023-08-07 15:00:00,28.19650000000001
2023-08-07 16:00:00,28.995166666666673
2023-08-07 17:00:00,29.454166666666666
2023-08-07 18:00:00,30.08766666666667
2023-08-07 19:00:00,30.008499999999994
2023-08-07 20:00:00,29.368999999999996
2023-08-07 21:00:00,28.333833333333338
2023-08-07 22:00:00,27.096833333333322
2023-08-07 23:00:00,26.06633333333335
2023-08-08 00:00:00,25.312166666666666
2023-08-08 01:00:00,23.816666666666674
2023-08-08 02:00:00,23.032833333333336
2023-08-08 03:00:00,21.936
2023-08-08 04:00:00,21.00433333333334
2023-08-08 05:00:00,20.0755
2023-08-08 06:00:00,19.99166666666666
2023-08-08 07:00:00,19.80566666666666
2023-08-08 08:00:00,20.207833333333326
2023-08-08 09:00:00,20.904833333333343
2023-08-08 10:00:00,22.44133333333333
2023-08-08 11:00:00,23.90716666666667
2023-08-08 12:00:00,24.916166666666665
2023-08-08 13:00:00,25.435500000000008
2023-08-08 14:00:00,26.305833333333336
2023-08-08 15:00:00,26.662000000000006
2023-08-08 16:00:00,26.68166666666667
2023-08-08 17:00:00,25.585000000000008
2023-08-08 18:00:00,25.05999999999999
2023-08-08 19:00:00,25.32800000000001
2023-08-08 20:00:00,25.18033333333333
2023-08-08 21:00:00,25.02199999999999
2023-08-08 22:00:00,24.28133333333334
2023-08-08 23:00:00,23.677666666666664
2023-08-09 00:00:00,23.103833333333334
2023-08-09 01:00:00,22.9365
2023-08-09 02:00:00,22.265999999999995
2023-08-09 03:00:00,21.55166666666666
2023-08-09 04:00:00,20.832833333333333
2023-08-09 05:00:00,19.204333333333327
2023-08-09 06:00:00,18.287
2023-08-09 07:00:00,18.512333333333334
2023-08-09 08:00:00,18.67050000000001
2023-08-09 09:00:00,19.584833333333325
2023-08-09 10:00:00,20.663500000000006
2023-08-09 11:00:00,21.895
2023-08-09 12:00:00,23.114666666666675
2023-08-09 13:00:00,24.721999999999994
2023-08-09 14:00:00,26.25083333333334
2023-08-09 15:00:00,27.03116666666667
2023-08-09 16:00:00,27.610333333333344
2023-08-09 17:00:00,27.42216666666667
2023-08-09 18:00:00,26.98266666666665
2023-08-09 19:00:00,26.53516666666665
2023-08-09 20:00:00,26.119
2023-08-09 21:00:00,25.670666666666676
2023-08-09 22:00:00,25.02933333333333
2023-08-09 23:00:00,24.02833333333334
2023-08-10 00:00:00,23.321166666666667
2023-08-10 01:00:00,22.403
2023-08-10 02:00:00,21.64050000000001
2023-08-10 03:00:00,21.24133333333334
2023-08-10 04:00:00,20.847500000000004
2023-08-10 05:00:00,20.727333333333334
2023-08-10 06:00:00,21.07183333333334
2023-08-10 07:00:00,20.149000000000004
2023-08-10 08:00:00,20.61533333333332
2023-08-10 09:00:00,20.853
2023-08-10 10:00:00,20.723499999999994
2023-08-10 11:00:00,20.796666666666663
2023-08-10 12:00:00,20.741500000000013
2023-08-10 13:00:00,20.788666666666668
2023-08-10 14:00:00,20.845333333333333
2023-08-10 15:00:00,21.03083333333334
2023-08-10 16:00:00,20.854166666666668
2023-08-10 17:00:00,20.173833333333327
2023-08-10 18:00:00,19.685333333333336
2023-08-10 19:00:00,19.134333333333334
2023-08-10 20:00:00,18.62183333333333
2023-08-10 21:00:00,18.091500000000003
2023-08-10 22:00:00,18.389500000000012
2023-08-10 23:00:00,17.658000000000005
2023-08-11 00:00:00,18.0695
2023-08-11 01:00:00,17.850833333333334
2023-08-11 02:00:00,17.723000000000006
2023-08-11 03:00:00,17.126166666666666
2023-08-11 04:00:00,16.755166666666675
2023-08-11 05:00:00,16.247
2023-08-11 06:00:00,16.186500000000006
2023-08-11 07:00:00,16.27933333333333
2023-08-11 08:00:00,16.49566666666667
2023-08-11 09:00:00,16.776500000000006
2023-08-11 10:00:00,17.360333333333333
2023-08-11 11:00:00,17.817166666666672
2023-08-11 12:00:00,18.290333333333333
2023-08-11 13:00:00,17.951
2023-08-11 14:00:00,18.115000000000006
2023-08-11 15:00:00,18.327333333333332
2023-08-11 16:00:00,18.81
2023-08-11 17:00:00,19.05266666666667
2023-08-11 18:00:00,18.472500000000007
2023-08-11 19:00:00,18.394
2023-08-11 20:00:00,17.860666666666663
2023-08-11 21:00:00,17.189500000000002
2023-08-11 22:00:00,16.596833333333333
2023-08-11 23:00:00,16.347499999999993
2023-08-12 00:00:00,15.850666666666667
2023-08-12 01:00:00,15.448166666666667
2023-08-12 02:00:00,15.332833333333348
2023-08-12 03:00:00,15.151166666666665
2023-08-12 04:00:00,15.49383333333333
2023-08-12 05:00:00,15.466333333333333
2023-08-12 06:00:00,15.51316666666666
2023-08-12 07:00:00,15.847166666666665
2023-08-12 08:00:00,16.824333333333335
2023-08-12 09:00:00,16.825500000000005
2023-08-12 10:00:00,17.235166666666668
2023-08-12 11:00:00,18.040166666666668
2023-08-12 12:00:00,18.992333333333328
2023-08-12 13:00:00,19.64933333333333
2023-08-12 14:00:00,20.1445
2023-08-12 15:00:00,19.434333333333328
2023-08-12 16:00:00,19.154000000000003
2023-08-12 17:00:00,19.287666666666667
2023-08-12 18:00:00,19.14133333333333
2023-08-12 19:00:00,18.50433333333334
2023-08-12 20:00:00,18.465999999999998
2023-08-12 21:00:00,17.899000000000008
2023-08-12 22:00:00,17.866333333333333
2023-08-12 23:00:00,18.088166666666673
2023-08-13 00:00:00,17.72166666666666
2023-08-13 01:00:00,18.25833333333333
2023-08-13 02:00:00,18.413666666666675
2023-08-13 03:00:00,17.853500000000004
2023-08-13 04:00:00,17.871666666666666
2023-08-13 05:00:00,18.534666666666666
2023-08-13 06:00:00,18.439333333333348
2023-08-13 07:00:00,18.704333333333334
2023-08-13 08:00:00,19.191500000000005
2023-08-13 09:00:00,19.09733333333333
2023-08-13 10:00:00,19.285333333333334
2023-08-13 11:00:00,20.026999999999994
2023-08-13 12:00:00,20.325333333333337
2023-08-13 13:00:00,20.915666666666667
2023-08-13 14:00:00,22.292166666666652
2023-08-13 15:00:00,23.32050000000001
2023-08-13 16:00:00,24.22166666666666
2023-08-13 17:00:00,25.58933333333335
2023-08-13 18:00:00,26.74366666666667
2023-08-13 19:00:00,26.93450000000001
2023-08-13 20:00:00,25.94383333333333
2023-08-13 21:00:00,24.93650000000001
2023-08-13 22:00:00,24.22900000000001
2023-08-13 23:00:00,23.328500000000005
2023-08-14 00:00:00,22.65033333333333
2023-08-14 01:00:00,22.354000000000006
2023-08-14 02:00:00,21.546
2023-08-14 03:00:00,20.948166666666676
2023-08-14 04:00:00,20.177
2023-08-14 05:00:00,19.509166666666665
2023-08-14 06:00:00,19.343333333333327
2023-08-14 07:00:00,19.677
2023-08-14 08:00:00,19.66466666666668
2023-08-14 09:00:00,20.439666666666657
2023-08-14 10:00:00,21.80933333333333
2023-08-14 11:00:00,23.21216666666668
2023-08-14 12:00:00,24.60966666666667
2023-08-14 13:00:00,25.87933333333334
2023-08-14 14:00:00,26.986833333333344
2023-08-14 15:00:00,27.621166666666664
2023-08-14 16:00:00,28.37666666666667
2023-08-14 17:00:00,28.85283333333335
2023-08-14 18:00:00,29.717166666666675
2023-08-14 19:00:00,29.601999999999983
2023-08-14 20:00:00,29.20583333333333
2023-08-14 21:00:00,28.25500000000001
2023-08-14 22:00:00,27.232166666666664
2023-08-14 23:00:00,26.04550000000001
2023-08-15 00:00:00,25.130666666666666
2023-08-15 01:00:00,24.15183333333334
2023-08-15 02:00:00,23.60266666666667
2023-08-15 03:00:00,22.730499999999985
2023-08-15 04:00:00,21.95683333333334
2023-08-15 05:00:00,21.259333333333334
2023-08-15 06:00:00,21.130833333333324
2023-08-15 07:00:00,20.92066666666668
2023-08-15 08:00:00,21.20983333333333
2023-08-15 09:00:00,22.22316666666665
2023-08-15 10:00:00,23.50350000000001
2023-08-15 11:00:00,24.943166666666666
2023-08-15 12:00:00,26.32483333333333
2023-08-15 13:00:00,27.742833333333333
2023-08-15 14:00:00,28.93116666666667
2023-08-15 15:00:00,29.52466666666665
2023-08-15 16:00:00,28.05533333333333
2023-08-15 17:00:00,27.16683333333333
2023-08-15 18:00:00,26.988833333333325
2023-08-15 19:00:00,26.19850000000001
2023-08-15 20:00:00,25.95983333333333
2023-08-15 21:00:00,25.45316666666665
2023-08-15 22:00:00,25.188666666666666
2023-08-15 23:00:00,24.938333333333336
2023-08-16 00:00:00,24.444500000000005
2023-08-16 01:00:00,23.59333333333333
2023-08-16 02:00:00,23.31600000000001
2023-08-16 03:00:00,22.34466666666667
2023-08-16 04:00:00,21.164833333333334
2023-08-16 05:00:00,20.968833333333333
2023-08-16 06:00:00,20.590500000000013
2023-08-16 07:00:00,20.89383333333334
2023-08-16 08:00:00,21.14933333333333
2023-08-16 09:00:00,21.269000000000005
2023-08-16 10:00:00,21.98216666666667
2023-08-16 11:00:00,22.5745
2023-08-16 12:00:00,23.673666666666673
2023-08-16 13:00:00,24.553666666666665
2023-08-16 14:00:00,25.523333333333305
2023-08-16 15:00:00,26.2905
2023-08-16 16:00:00,27.036333333333317
2023-08-16 17:00:00,27.48033333333332
2023-08-16 18:00:00,27.648166666666665
2023-08-16 19:00:00,27.47566666666665
2023-08-16 20:00:00,26.646499999999996
2023-08-16 21:00:00,26.200833333333332
2023-08-16 22:00:00,25.45216666666667
2023-08-16 23:00:00,24.658000000000005
2023-08-17 00:00:00,23.909833333333346
2023-08-17 01:00:00,23.30816666666668
2023-08-17 02:00:00,22.43833333333334
2023-08-17 03:00:00,22.10616666666666
2023-08-17 04:00:00,21.69233333333333
2023-08-17 05:00:00,21.57633333333334
2023-08-17 06:00:00,21.87266666666667
2023-08-17 07:00:00,21.59600000000001
2023-08-17 08:00:00,21.358666666666675
2023-08-17 09:00:00,21.95433333333333
2023-08-17 10:00:00,22.839500000000008
2023-08-17 11:00:00,23.8005
2023-08-17 12:00:00,24.78316666666667
2023-08-17 13:00:00,25.59099999999999
2023-08-17 14:00:00,26.228833333333327
2023-08-17 15:00:00,26.667833333333327
2023-08-17 16:00:00,27.335833333333326
2023-08-17 17:00:00,27.166166666666665
2023-08-17 18:00:00,27.07583333333334
2023-08-17 19:00:00,27.06633333333333
2023-08-17 20:00:00,26.49749999999999
2023-08-17 21:00:00,26.239500000000003
2023-08-17 22:00:00,25.86750000000001
2023-08-17 23:00:00,25.4015
2023-08-18 00:00:00,25.07933333333333
2023-08-18 01:00:00,24.33833333333333
2023-08-18 02:00:00,23.726000000000006
2023-08-18 03:00:00,23.435666666666666
2023-08-18 04:00:00,22.9755
2023-08-18 05:00:00,22.107666666666667
2023-08-18 06:00:00,22.17733333333333
2023-08-18 07:00:00,22.002833333333346
2023-08-18 08:00:00,21.99799999999999
2023-08-18 09:00:00,22.82616666666665
2023-08-18 10:00:00,23.469666666666654
2023-08-18 11:00:00,24.08766666666667
2023-08-18 12:00:00,24.79883333333333
2023-08-18 13:00:00,25.97533333333333
2023-08-18 14:00:00,27.12783333333332
2023-08-18 15:00:00,27.79899999999999
2023-08-18 16:00:00,28.10116666666667
2023-08-18 17:00:00,27.9535
2023-08-18 18:00:00,26.45583333333333
2023-08-18 19:00:00,23.79300000000001
2023-08-18 20:00:00,22.265000000000004
2023-08-18 21:00:00,21.43366666666667
2023-08-18 22:00:00,20.039833333333327
2023-08-18 23:00:00,19.056499999999996
2023-08-19 00:00:00,19.005166666666653
2023-08-19 01:00:00,19.722333333333328
2023-08-19 02:00:00,19.270999999999994
2023-08-19 03:00:00,18.921500000000005
2023-08-19 04:00:00,18.964333333333336
2023-08-19 05:00:00,18.140666666666664
2023-08-19 06:00:00,18.726166666666664
2023-08-19 07:00:00,18.740000000000006
2023-08-19 08:00:00,17.888166666666674
2023-08-19 09:00:00,18.6845
2023-08-19 10:00:00,18.79233333333333
2023-08-19 11:00:00,19.657499999999988
2023-08-19 12:00:00,20.05200000000001
2023-08-19 13:00:00,20.649666666666672
2023-08-19 14:00:00,21.115666666666666
2023-08-19 15:00:00,21.53333333333333
2023-08-19 16:00:00,22.32449999999999
2023-08-19 17:00:00,23.23966666666667
2023-08-19 18:00:00,24.117333333333335
2023-08-19 19:00:00,23.5855
2023-08-19 20:00:00,22.45600000000001
2023-08-19 21:00:00,21.76066666666667
2023-08-19 22:00:00,20.893999999999995
2023-08-19 23:00:00,19.702166666666667
2023-08-20 00:00:00,19.27183333333334
2023-08-20 01:00:00,18.720500000000012
2023-08-20 02:00:00,18.368333333333336
2023-08-20 03:00:00,18.116166666666672
2023-08-20 04:00:00,17.692666666666664
2023-08-20 05:00:00,17.148500000000002
2023-08-20 06:00:00,17.399166666666666
2023-08-20 07:00:00,17.677500000000006
2023-08-20 08:00:00,17.657833333333333
2023-08-20 09:00:00,18.136500000000005
2023-08-20 10:00:00,18.614333333333327
2023-08-20 11:00:00,19.109833333333327
2023-08-20 12:00:00,19.859500000000008
2023-08-20 13:00:00,20.3465
2023-08-20 14:00:00,20.709499999999995
2023-08-20 15:00:00,21.4495
2023-08-20 16:00:00,21.65083333333335
2023-08-20 17:00:00,21.76266666666668
2023-08-20 18:00:00,22.16816666666667
2023-08-20 19:00:00,21.71383333333333
2023-08-20 20:00:00,21.09833333333334
2023-08-20 21:00:00,20.710333333333335
2023-08-20 22:00:00,19.79316666666667
2023-08-20 23:00:00,18.92249999999998
2023-08-21 00:00:00,18.408500000000004
2023-08-21 01:00:00,17.635499999999997
2023-08-21 02:00:00,17.432166666666674
2023-08-21 03:00:00,17.020166666666665
2023-08-21 04:00:00,16.7195
2023-08-21 05:00:00,16.742000000000004
2023-08-21 06:00:00,17.0065
2023-08-21 07:00:00,16.820000000000004
2023-08-21 08:00:00,17.230833333333337
2023-08-21 09:00:00,17.623333333333328
2023-08-21 10:00:00,18.695500000000013
2023-08-21 11:00:00,19.638333333333325
2023-08-21 12:00:00,20.357000000000006
2023-08-21 13:00:00,21.26716666666666
2023-08-21 14:00:00,21.97083333333333
2023-08-21 15:00:00,22.52283333333333
2023-08-21 16:00:00,23.498
2023-08-21 17:00:00,23.93616666666666
2023-08-21 18:00:00,23.9485
2023-08-21 19:00:00,23.944166666666675
2023-08-21 20:00:00,23.125
2023-08-21 21:00:00,22.262999999999995
2023-08-21 22:00:00,21.23166666666668
2023-08-21 23:00:00,20.317500000000006
2023-08-22 00:00:00,19.067166666666665
2023-08-22 01:00:00,18.3765
2023-08-22 02:00:00,17.835
2023-08-22 03:00:00,17.333833333333338
2023-08-22 04:00:00,16.793
2023-08-22 05:00:00,16.291833333333326
2023-08-22 06:00:00,17.282333333333334
2023-08-22 07:00:00,16.64233333333333
2023-08-22 08:00:00,16.984500000000008
2023-08-22 09:00:00,18.0215
2023-08-22 10:00:00,18.884333333333334
2023-08-22 11:00:00,19.68283333333333
2023-08-22 12:00:00,20.729
2023-08-22 13:00:00,22.362333333333336
2023-08-22 14:00:00,23.636500000000005
2023-08-22 15:00:00,24.50016666666668
2023-08-22 16:00:00,25.19916666666667
2023-08-22 17:00:00,25.98166666666667
2023-08-22 18:00:00,26.21116666666666
2023-08-22 19:00:00,25.59366666666667
2023-08-22 20:00:00,24.926499999999994
2023-08-22 21:00:00,23.884000000000004
2023-08-22 22:00:00,23.028166666666674
2023-08-22 23:00:00,21.779
2023-08-23 00:00:00,20.498666666666672
2023-08-23 01:00:00,19.444333333333343
2023-08-23 02:00:00,18.697833333333328
2023-08-23 03:00:00,17.952166666666674
2023-08-23 04:00:00,17.543166666666664
2023-08-23 05:00:00,16.989833333333348
2023-08-23 06:00:00,17.318500000000004
2023-08-23 07:00:00,17.238166666666675
2023-08-23 08:00:00,17.285500000000006
2023-08-23 09:00:00,18.026833333333336
2023-08-23 10:00:00,19.1235
2023-08-23 11:00:00,20.505333333333333
2023-08-23 12:00:00,21.9905
2023-08-23 13:00:00,23.3015
2023-08-23 14:00:00,24.571666666666665
2023-08-23 15:00:00,25.71500000000001
2023-08-23 16:00:00,26.831833333333336
2023-08-23 17:00:00,28.25099999999999
2023-08-23 18:00:00,29.408166666666666
2023-08-23 19:00:00,28.50816666666667
2023-08-23 20:00:00,27.431333333333317
2023-08-23 21:00:00,26.41966666666665
2023-08-23 22:00:00,25.408833333333344
2023-08-23 23:00:00,24.31033333333333
2023-08-24 00:00:00,23.57133333333334
2023-08-24 01:00:00,22.81516666666666
2023-08-24 02:00:00,21.88883333333333
2023-08-24 03:00:00,21.10183333333334
2023-08-24 04:00:00,20.5535
2023-08-24 05:00:00,19.898166666666672
2023-08-24 06:00:00,19.869333333333334
2023-08-24 07:00:00,19.860999999999986
2023-08-24 08:00:00,19.770166666666668
2023-08-24 09:00:00,20.223833333333328
2023-08-24 10:00:00,21.117166666666673
2023-08-24 11:00:00,22.36833333333333
2023-08-24 12:00:00,23.92216666666667
2023-08-24 13:00:00,24.69066666666666
2023-08-24 14:00:00,24.747
2023-08-24 15:00:00,24.97383333333334
2023-08-24 16:00:00,25.51583333333333
2023-08-24 17:00:00,26.18566666666667
2023-08-24 18:00:00,26.684833333333344
2023-08-24 19:00:00,25.778
2023-08-24 20:00:00,24.72533333333333
2023-08-24 21:00:00,23.9355
2023-08-24 22:00:00,23.639000000000006
2023-08-24 23:00:00,22.85133333333333
2023-08-25 00:00:00,21.9695
2023-08-25 01:00:00,21.103833333333352
2023-08-25 02:00:00,20.572499999999987
2023-08-25 03:00:00,20.191000000000006
2023-08-25 04:00:00,19.7545
2023-08-25 05:00:00,19.21566666666666
2023-08-25 06:00:00,19.401333333333334
2023-08-25 07:00:00,19.75166666666666
2023-08-25 08:00:00,19.839166666666657
2023-08-25 09:00:00,20.478833333333334
2023-08-25 10:00:00,21.366333333333326
2023-08-25 11:00:00,22.7065
2023-08-25 12:00:00,24.27133333333333
2023-08-25 13:00:00,25.44483333333332
2023-08-25 14:00:00,26.65383333333332
2023-08-25 15:00:00,27.998
2023-08-25 16:00:00,29.16283333333333
2023-08-25 17:00:00,30.57983333333333
2023-08-25 18:00:00,31.13733333333333
2023-08-25 19:00:00,30.05533333333333
2023-08-25 20:00:00,28.78633333333333
2023-08-25 21:00:00,25.616833333333325
2023-08-25 22:00:00,24.19383333333334
2023-08-25 23:00:00,23.207500000000003
2023-08-26 00:00:00,22.6855
2023-08-26 01:00:00,22.34316666666667
2023-08-26 02:00:00,22.07066666666669
2023-08-26 03:00:00,21.699499999999997
2023-08-26 04:00:00,21.34600000000001
2023-08-26 05:00:00,21.02199999999998
2023-08-26 06:00:00,21.2715
2023-08-26 07:00:00,21.135166666666656
2023-08-26 08:00:00,20.953499999999984
2023-08-26 09:00:00,21.504333333333324
2023-08-26 10:00:00,22.107
2023-08-26 11:00:00,22.967666666666673
2023-08-26 12:00:00,23.88183333333334
2023-08-26 13:00:00,25.33366666666667
2023-08-26 14:00:00,26.67233333333333
2023-08-26 15:00:00,27.8195
2023-08-26 16:00:00,28.628333333333348
2023-08-26 17:00:00,29.14333333333335
2023-08-26 18:00:00,29.28366666666667
2023-08-26 19:00:00,28.83450000000001
2023-08-26 20:00:00,27.921666666666656
2023-08-26 21:00:00,27.123666666666665
2023-08-26 22:00:00,26.48983333333333
2023-08-26 23:00:00,25.743166666666674
2023-08-27 00:00:00,24.911000000000005
2023-08-27 01:00:00,24.13416666666667
2023-08-27 02:00:00,23.322500000000005
2023-08-27 03:00:00,22.59266666666666
2023-08-27 04:00:00,22.04083333333332
2023-08-27 05:00:00,21.394166666666663
2023-08-27 06:00:00,20.982333333333333
2023-08-27 07:00:00,21.21033333333333
2023-08-27 08:00:00,21.02833333333334
2023-08-27 09:00:00,21.220833333333346
2023-08-27 10:00:00,21.781166666666664
2023-08-27 11:00:00,22.586333333333336
2023-08-27 12:00:00,23.56133333333334
2023-08-27 13:00:00,24.60616666666667
2023-08-27 14:00:00,25.398666666666678
2023-08-27 15:00:00,26.37633333333333
2023-08-27 16:00:00,27.77049999999999
2023-08-27 17:00:00,27.88816666666668
2023-08-27 18:00:00,27.021666666666665
2023-08-27 19:00:00,26.574
2023-08-27 20:00:00,25.813000000000002
2023-08-27 21:00:00,24.795666666666666
2023-08-27 22:00:00,23.92183333333333
2023-08-27 23:00:00,23.18050000000001
2023-08-28 00:00:00,22.55983333333332
2023-08-28 01:00:00,22.02833333333332
2023-08-28 02:00:00,21.57183333333333
2023-08-28 03:00:00,20.894333333333336
2023-08-28 04:00:00,20.026666666666667
2023-08-28 05:00:00,19.25183333333334
2023-08-28 06:00:00,18.596166666666672
2023-08-28 07:00:00,18.38766666666667
2023-08-28 08:00:00,18.461166666666657
2023-08-28 09:00:00,19.1685
2023-08-28 10:00:00,20.555499999999995
2023-08-28 11:00:00,22.268666666666665
2023-08-28 12:00:00,23.196166666666667
2023-08-28 13:00:00,24.42116666666666
2023-08-28 14:00:00,25.841333333333317
2023-08-28 15:00:00,26.59083333333333
2023-08-28 16:00:00,27.35416666666665
2023-08-28 17:00:00,28.84966666666668
2023-08-28 18:00:00,29.37950000000001
2023-08-28 19:00:00,28.499666666666673
2023-08-28 20:00:00,27.25416666666666
2023-08-28 21:00:00,25.796833333333336
2023-08-28 22:00:00,24.606333333333332
2023-08-28 23:00:00,23.59666666666667
2023-08-29 00:00:00,22.415999999999997
2023-08-29 01:00:00,21.505666666666674
2023-08-29 02:00:00,20.633666666666656
2023-08-29 03:00:00,19.777166666666673
2023-08-29 04:00:00,19.10416666666666
2023-08-29 05:00:00,18.3945
2023-08-29 06:00:00,17.780666666666672
2023-08-29 07:00:00,17.39049999999998
2023-08-29 08:00:00,17.419
2023-08-29 09:00:00,18.081
2023-08-29 10:00:00,19.2105
2023-08-29 11:00:00,20.533999999999995
2023-08-29 12:00:00,22.08233333333333
2023-08-29 13:00:00,23.659333333333343
2023-08-29 14:00:00,24.7865
2023-08-29 15:00:00,25.947000000000006
2023-08-29 16:00:00,26.9145
2023-08-29 17:00:00,28.396166666666673
2023-08-29 18:00:00,29.2075
2023-08-29 19:00:00,28.784833333333346
2023-08-29 20:00:00,28.08933333333333
2023-08-29 21:00:00,26.94483333333333
2023-08-29 22:00:00,26.05833333333334
2023-08-29 23:00:00,25.179666666666666
2023-08-30 00:00:00,24.289
2023-08-30 01:00:00,23.342
2023-08-30 02:00:00,22.56533333333332
2023-08-30 03:00:00,21.96383333333334
2023-08-30 04:00:00,21.361
2023-08-30 05:00:00,20.762999999999995
2023-08-30 06:00:00,20.477999999999998
2023-08-30 07:00:00,20.519000000000005
2023-08-30 08:00:00,21.380000000000006
2023-08-30 09:00:00,22.980166666666662
2023-08-30 10:00:00,24.544333333333345
2023-08-30 11:00:00,25.905333333333346
2023-08-30 12:00:00,27.24383333333333
2023-08-30 13:00:00,28.924666666666663
2023-08-30 14:00:00,30.058666666666678
2023-08-30 15:00:00,30.482000000000006
2023-08-30 16:00:00,30.844333333333324
2023-08-30 17:00:00,31.144166666666642
2023-08-30 18:00:00,31.23149999999999
2023-08-30 19:00:00,31.278499999999966
2023-08-30 20:00:00,29.939000000000004
2023-08-30 21:00:00,28.55250000000001
2023-08-30 22:00:00,27.472333333333324
2023-08-30 23:00:00,26.49183333333333
2023-08-31 00:00:00,24.4025
2023-08-31 01:00:00,23.17133333333334
2023-08-31 02:00:00,22.26583333333332
2023-08-31 03:00:00,21.803666666666675
2023-08-31 04:00:00,21.51750000000001
2023-08-31 05:00:00,21.27850000000001
2023-08-31 06:00:00,21.770000000000003
2023-08-31 07:00:00,22.20799999999999
2023-08-31 08:00:00,22.17283333333334
2023-08-31 09:00:00,21.75583333333333
2023-08-31 10:00:00,22.16966666666667
2023-08-31 11:00:00,22.644499999999994
2023-08-31 12:00:00,22.2695
2023-08-31 13:00:00,22.173000000000005
2023-08-31 14:00:00,21.7525
2023-08-31 15:00:00,21.321333333333328
2023-08-31 16:00:00,20.994166666666672
2023-08-31 17:00:00,20.542666666666673
2023-08-31 18:00:00,20.722833333333334
2023-08-31 19:00:00,21.460333333333335
2023-08-31 20:00:00,19.566166666666664
2023-08-31 21:00:00,18.37683333333334
2023-08-31 22:00:00,17.710833333333326
2023-08-31 23:00:00,17.469333333333342
2023-09-01 00:00:00,17.287166666666675
2023-09-01 01:00:00,16.970500000000012
2023-09-01 02:00:00,16.721833333333347
2023-09-01 03:00:00,16.59016666666666
2023-09-01 04:00:00,16.377166666666668
2023-09-01 05:00:00,16.1345
2023-09-01 06:00:00,15.8695
2023-09-01 07:00:00,15.715166666666667
2023-09-01 08:00:00,15.7925
2023-09-01 09:00:00,16.034999999999993
2023-09-01 10:00:00,17.048500000000008
2023-09-01 11:00:00,17.78383333333334
2023-09-01 12:00:00,18.717
2023-09-01 13:00:00,19.833833333333327
2023-09-01 14:00:00,21.000833333333336
2023-09-01 15:00:00,22.35533333333334
2023-09-01 16:00:00,23.343000000000004
2023-09-01 17:00:00,23.893166666666666
2023-09-01 18:00:00,23.45733333333332
2023-09-01 19:00:00,21.9705
2023-09-01 20:00:00,20.161500000000004
2023-09-01 21:00:00,18.634166666666673
2023-09-01 22:00:00,17.545166666666667
2023-09-01 23:00:00,16.49633333333333
2023-09-02 00:00:00,15.695166666666667
2023-09-02 01:00:00,14.954166666666662
2023-09-02 02:00:00,14.322666666666665
2023-09-02 03:00:00,13.735999999999999
2023-09-02 04:00:00,13.078833333333336
2023-09-02 05:00:00,12.6995
2023-09-02 06:00:00,12.38283333333333
2023-09-02 07:00:00,12.002999999999984
2023-09-02 08:00:00,12.03383333333334
2023-09-02 09:00:00,12.694833333333333
2023-09-02 10:00:00,13.82216666666667
2023-09-02 11:00:00,14.946166666666665
2023-09-02 12:00:00,16.58066666666667
2023-09-02 13:00:00,18.533000000000005
2023-09-02 14:00:00,19.566166666666668
2023-09-02 15:00:00,21.058166666666672
2023-09-02 16:00:00,21.603666666666676
2023-09-02 17:00:00,22.15383333333333
2023-09-02 18:00:00,22.112666666666666
2023-09-02 19:00:00,21.398333333333344
2023-09-02 20:00:00,19.412500000000005
2023-09-02 21:00:00,17.96533333333334
2023-09-02 22:00:00,16.813333333333336
2023-09-02 23:00:00,16.07783333333333
2023-09-03 00:00:00,15.283499999999998
2023-09-03 01:00:00,14.467333333333332
2023-09-03 02:00:00,13.527833333333335
2023-09-03 03:00:00,13.056333333333336
2023-09-03 04:00:00,12.440833333333336
2023-09-03 05:00:00,11.877166666666666
2023-09-03 06:00:00,11.268166666666673
2023-09-03 07:00:00,10.780333333333326
2023-09-03 08:00:00,10.610500000000004
2023-09-03 09:00:00,10.824000000000005
2023-09-03 10:00:00,11.9565
2023-09-03 11:00:00,13.708333333333336
2023-09-03 12:00:00,15.515333333333327
2023-09-03 13:00:00,17.686166666666672
2023-09-03 14:00:00,19.191833333333328
2023-09-03 15:00:00,19.699166666666674
2023-09-03 16:00:00,20.124166666666664
2023-09-03 17:00:00,20.706666666666663
2023-09-03 18:00:00,20.439333333333327
2023-09-03 19:00:00,19.682166666666664
2023-09-03 20:00:00,18.484166666666674
2023-09-03 21:00:00,17.093666666666667
2023-09-03 22:00:00,16.156333333333336
2023-09-03 23:00:00,15.39466666666667
2023-09-04 00:00:00,14.60833333333334
2023-09-04 01:00:00,13.977166666666667
2023-09-04 02:00:00,13.264
2023-09-04 03:00:00,12.605166666666667
2023-09-04 04:00:00,12.010666666666667
2023-09-04 05:00:00,11.310833333333333
2023-09-04 06:00:00,10.61083333333333
2023-09-04 07:00:00,10.459333333333344
2023-09-04 08:00:00,10.56766666666667
2023-09-04 09:00:00,11.487500000000004
2023-09-04 10:00:00,12.879333333333333
2023-09-04 11:00:00,14.67783333333333
2023-09-04 12:00:00,16.862833333333334
2023-09-04 13:00:00,19.001
2023-09-04 14:00:00,20.122666666666664
2023-09-04 15:00:00,21.621499999999994
2023-09-04 16:00:00,22.4065
2023-09-04 17:00:00,23.073500000000006
2023-09-04 18:00:00,23.17983333333333
2023-09-04 19:00:00,21.593000000000004
2023-09-04 20:00:00,20.416
2023-09-04 21:00:00,18.951833333333333
2023-09-04 22:00:00,18.035500000000006
2023-09-04 23:00:00,17.238000000000003
2023-09-05 00:00:00,16.636833333333342
2023-09-05 01:00:00,15.80966666666667
2023-09-05 02:00:00,15.16783333333334
2023-09-05 03:00:00,14.845333333333334
2023-09-05 04:00:00,14.637500000000006
2023-09-05 05:00:00,14.569666666666668
2023-09-05 06:00:00,14.555666666666674
2023-09-05 07:00:00,14.607333333333328
2023-09-05 08:00:00,15.118833333333335
2023-09-05 09:00:00,15.94
2023-09-05 10:00:00,17.197999999999997
2023-09-05 11:00:00,18.78333333333333
2023-09-05 12:00:00,20.638
2023-09-05 13:00:00,22.46783333333334
2023-09-05 14:00:00,24.206833333333336
2023-09-05 15:00:00,24.834000000000003
2023-09-05 16:00:00,25.75699999999999
2023-09-05 17:00:00,25.446666666666665
2023-09-05 18:00:00,25.0985
2023-09-05 19:00:00,24.4225
2023-09-05 20:00:00,23.371833333333345
2023-09-05 21:00:00,22.4525
2023-09-05 22:00:00,21.85700000000001
2023-09-05 23:00:00,21.422833333333326
2023-09-06 00:00:00,21.006166666666665
2023-09-06 01:00:00,20.707333333333327
2023-09-06 02:00:00,20.348166666666668
2023-09-06 03:00:00,19.898000000000007
2023-09-06 04:00:00,19.557000000000013
2023-09-06 05:00:00,19.213
2023-09-06 06:00:00,18.955499999999986
2023-09-06 07:00:00,18.8365
2023-09-06 08:00:00,19.020333333333333
2023-09-06 09:00:00,19.66366666666666
2023-09-06 10:00:00,20.14833333333332
2023-09-06 11:00:00,19.050000000000004
2023-09-06 12:00:00,18.81383333333334
2023-09-06 13:00:00,19.81
2023-09-06 14:00:00,21.303666666666672
2023-09-06 15:00:00,22.19950000000001
2023-09-06 16:00:00,22.23583333333333
2023-09-06 17:00:00,21.65
2023-09-06 18:00:00,19.908166666666666
2023-09-06 19:00:00,18.598000000000006
2023-09-06 20:00:00,17.133000000000006
2023-09-06 21:00:00,16.23433333333333
2023-09-06 22:00:00,15.688833333333347
2023-09-06 23:00:00,15.0545
2023-09-07 00:00:00,14.733166666666667
2023-09-07 01:00:00,14.303999999999998
2023-09-07 02:00:00,14.2745
2023-09-07 03:00:00,14.188499999999998
2023-09-07 04:00:00,14.067833333333335
2023-09-07 05:00:00,13.804
2023-09-07 06:00:00,13.452166666666667
2023-09-07 07:00:00,13.447833333333328
2023-09-07 08:00:00,13.940833333333336
2023-09-07 09:00:00,14.6515
2023-09-07 10:00:00,15.405666666666674
2023-09-07 11:00:00,16.28816666666667
2023-09-07 12:00:00,17.150666666666666
2023-09-07 13:00:00,17.600333333333335
2023-09-07 14:00:00,18.268666666666675
2023-09-07 15:00:00,18.194333333333343
2023-09-07 16:00:00,19.251333333333328
2023-09-07 17:00:00,20.100333333333328
2023-09-07 18:00:00,19.204666666666675
2023-09-07 19:00:00,18.453333333333326
2023-09-07 20:00:00,17.222666666666665
2023-09-07 21:00:00,16.248166666666666
2023-09-07 22:00:00,15.770166666666665
2023-09-07 23:00:00,15.635166666666667
2023-09-08 00:00:00,15.396500000000007
2023-09-08 01:00:00,15.215000000000007
2023-09-08 02:00:00,15.181999999999993
2023-09-08 03:00:00,15.187666666666653
2023-09-08 04:00:00,15.17850000000001
2023-09-08 05:00:00,14.85633333333333
2023-09-08 06:00:00,14.393
2023-09-08 07:00:00,14.373000000000005
2023-09-08 08:00:00,14.6825
2023-09-08 09:00:00,15.182833333333333
2023-09-08 10:00:00,15.9155
2023-09-08 11:00:00,16.40216666666667
2023-09-08 12:00:00,16.988166666666668
2023-09-08 13:00:00,17.550166666666666
2023-09-08 14:00:00,18.202166666666667
2023-09-08 15:00:00,18.845666666666666
2023-09-08 16:00:00,18.763
2023-09-08 17:00:00,18.856166666666674
2023-09-08 18:00:00,18.622666666666667
2023-09-08 19:00:00,18.385333333333346
2023-09-08 20:00:00,17.859166666666674
2023-09-08 21:00:00,17.30783333333334
2023-09-08 22:00:00,16.909666666666666
2023-09-08 23:00:00,16.379999999999995
2023-09-09 00:00:00,15.936333333333346
2023-09-09 01:00:00,15.542333333333328
2023-09-09 02:00:00,15.294333333333332
2023-09-09 03:00:00,15.05
2023-09-09 04:00:00,14.777333333333326
2023-09-09 05:00:00,14.58766666666666
2023-09-09 06:00:00,14.511333333333335
2023-09-09 07:00:00,14.749666666666668
2023-09-09 08:00:00,15.065833333333329
2023-09-09 09:00:00,15.689166666666665
2023-09-09 10:00:00,16.001666666666672
2023-09-09 11:00:00,15.935833333333342
2023-09-09 12:00:00,16.066166666666668
2023-09-09 13:00:00,16.512166666666666
2023-09-09 14:00:00,17.49816666666667
2023-09-09 15:00:00,18.259833333333333
2023-09-09 16:00:00,18.417333333333332
2023-09-09 17:00:00,18.173000000000005
2023-09-09 18:00:00,17.456833333333336
2023-09-09 19:00:00,17.125999999999998
2023-09-09 20:00:00,16.542
2023-09-09 21:00:00,16.003833333333333
2023-09-09 22:00:00,15.411499999999995
2023-09-09 23:00:00,15.064166666666672
2023-09-10 00:00:00,14.680500000000006
2023-09-10 01:00:00,14.344833333333321
2023-09-10 02:00:00,14.34883333333333
2023-09-10 03:00:00,13.970333333333334
2023-09-10 04:00:00,13.796833333333336
2023-09-10 05:00:00,13.706666666666667
2023-09-10 06:00:00,13.481333333333328
2023-09-10 07:00:00,13.505333333333333
2023-09-10 08:00:00,13.731166666666667
2023-09-10 09:00:00,14.202166666666672
2023-09-10 10:00:00,14.786166666666668
2023-09-10 11:00:00,15.732999999999995
2023-09-10 12:00:00,16.78900000000001
2023-09-10 13:00:00,18.010833333333327
2023-09-10 14:00:00,19.512833333333333
2023-09-10 15:00:00,20.484
2023-09-10 16:00:00,21.412
2023-09-10 17:00:00,22.75483333333333
2023-09-10 18:00:00,21.11816666666667
2023-09-10 19:00:00,19.489999999999995
2023-09-10 20:00:00,17.972333333333328
2023-09-10 21:00:00,16.824500000000004
2023-09-10 22:00:00,15.964000000000004
2023-09-10 23:00:00,15.16900000000001
2023-09-11 00:00:00,14.408833333333328
2023-09-11 01:00:00,13.881166666666672
2023-09-11 02:00:00,13.472166666666661
2023-09-11 03:00:00,13.040666666666672
2023-09-11 04:00:00,12.56416666666667
2023-09-11 05:00:00,12.171333333333328
2023-09-11 06:00:00,11.766166666666667
2023-09-11 07:00:00,11.8255
2023-09-11 08:00:00,12.606166666666672
2023-09-11 09:00:00,13.347166666666675
2023-09-11 10:00:00,14.58666666666667
2023-09-11 11:00:00,15.468333333333335
2023-09-11 12:00:00,16.164166666666674
2023-09-11 13:00:00,16.717333333333336
2023-09-11 14:00:00,16.905000000000012
2023-09-11 15:00:00,17.770500000000006
2023-09-11 16:00:00,18.2895
2023-09-11 17:00:00,19.191333333333336
2023-09-11 18:00:00,16.773833333333332
2023-09-11 19:00:00,15.503333333333336
2023-09-11 20:00:00,14.607000000000001
2023-09-11 21:00:00,14.062833333333336
2023-09-11 22:00:00,13.16049999999999
2023-09-11 23:00:00,12.822333333333328
2023-09-12 00:00:00,12.461166666666667
2023-09-12 01:00:00,12.085499999999994
2023-09-12 02:00:00,11.8875
2023-09-12 03:00:00,11.783499999999995
2023-09-12 04:00:00,12.309500000000016
2023-09-12 05:00:00,12.458500000000011
2023-09-12 06:00:00,12.437166666666686
2023-09-12 07:00:00,12.466333333333333
2023-09-12 08:00:00,12.903666666666668
2023-09-12 09:00:00,13.65033333333333
2023-09-12 10:00:00,14.568166666666665
2023-09-12 11:00:00,15.62566666666667
2023-09-12 12:00:00,16.28416666666667
2023-09-12 13:00:00,16.40666666666667
2023-09-12 14:00:00,17.01133333333334
2023-09-12 15:00:00,17.485000000000007
2023-09-12 16:00:00,18.342666666666666
2023-09-12 17:00:00,19.15966666666668
2023-09-12 18:00:00,17.811333333333334
2023-09-12 19:00:00,16.816166666666664
2023-09-12 20:00:00,15.488333333333333
2023-09-12 21:00:00,14.660833333333334
2023-09-12 22:00:00,14.095666666666668
2023-09-12 23:00:00,13.684833333333335
2023-09-13 00:00:00,13.309333333333335
2023-09-13 01:00:00,13.018166666666675
2023-09-13 02:00:00,12.760500000000004
2023-09-13 03:00:00,12.56183333333334
2023-09-13 04:00:00,12.210833333333335
2023-09-13 05:00:00,12.049666666666674
2023-09-13 06:00:00,12.275333333333334
2023-09-13 07:00:00,12.950166666666668
2023-09-13 08:00:00,13.628666666666666
2023-09-13 09:00:00,14.01966666666667
2023-09-13 10:00:00,14.221666666666666
2023-09-13 11:00:00,14.66200000000001
2023-09-13 12:00:00,15.443666666666674
2023-09-13 13:00:00,16.456833333333336
2023-09-13 14:00:00,17.796499999999995
2023-09-13 15:00:00,18.797500000000007
2023-09-13 16:00:00,19.219999999999988
2023-09-13 17:00:00,18.306500000000003
2023-09-13 18:00:00,17.417333333333335
2023-09-13 19:00:00,16.302833333333336
2023-09-13 20:00:00,14.616666666666667
2023-09-13 21:00:00,13.779000000000005
2023-09-13 22:00:00,13.369499999999995
2023-09-13 23:00:00,13.001166666666679
2023-09-14 00:00:00,12.894333333333329
2023-09-14 01:00:00,13.120166666666668
2023-09-14 02:00:00,13.278166666666666
2023-09-14 03:00:00,13.338666666666665
2023-09-14 04:00:00,13.131666666666673
2023-09-14 05:00:00,12.569333333333338
2023-09-14 06:00:00,12.261499999999993
2023-09-14 07:00:00,12.234500000000004
2023-09-14 08:00:00,12.122500000000008
2023-09-14 09:00:00,12.261833333333332
2023-09-14 10:00:00,12.151666666666666
2023-09-14 11:00:00,11.863833333333336
2023-09-14 12:00:00,11.607999999999995
2023-09-14 13:00:00,11.184833333333335
2023-09-14 14:00:00,11.2435
2023-09-14 15:00:00,12.308833333333338
2023-09-14 16:00:00,11.35
2023-09-14 17:00:00,13.31966666666667
2023-09-14 18:00:00,12.743000000000002
2023-09-14 19:00:00,12.006666666666666
2023-09-14 20:00:00,11.526833333333325
2023-09-14 21:00:00,11.484666666666667
2023-09-14 22:00:00,11.251833333333332
2023-09-14 23:00:00,10.905499999999998
2023-09-15 00:00:00,10.822833333333335
2023-09-15 01:00:00,10.87233333333333
2023-09-15 02:00:00,10.937000000000005
2023-09-15 03:00:00,10.829833333333333
2023-09-15 04:00:00,10.66783333333334
2023-09-15 05:00:00,10.549000000000001
2023-09-15 06:00:00,10.53783333333334
2023-09-15 07:00:00,10.543499999999996
2023-09-15 08:00:00,10.759166666666669
2023-09-15 09:00:00,11.4975
2023-09-15 10:00:00,12.555833333333327
2023-09-15 11:00:00,13.70733333333334
2023-09-15 12:00:00,14.953333333333335
2023-09-15 13:00:00,15.685333333333325
2023-09-15 14:00:00,16.346833333333347
2023-09-15 15:00:00,17.433666666666664
2023-09-15 16:00:00,17.273333333333333
2023-09-15 17:00:00,18.174500000000013
2023-09-15 18:00:00,16.482166666666668
2023-09-15 19:00:00,15.317833333333333
2023-09-15 20:00:00,14.530333333333333
2023-09-15 21:00:00,13.796500000000002
2023-09-15 22:00:00,12.913833333333338
2023-09-15 23:00:00,12.1315
2023-09-16 00:00:00,11.478000000000007
2023-09-16 01:00:00,11.005000000000004
2023-09-16 02:00:00,10.479833333333335
2023-09-16 03:00:00,10.019666666666664
2023-09-16 04:00:00,9.505500000000003
2023-09-16 05:00:00,8.718999999999998
2023-09-16 06:00:00,8.277666666666669
2023-09-16 07:00:00,8.14208333333333
2023-09-16 08:00:00,8.039583333333331
2023-09-16 09:00:00,8.534999999999998
2023-09-16 10:00:00,9.399333333333336
2023-09-16 11:00:00,11.690999999999999
2023-09-16 12:00:00,13.7795
2023-09-16 13:00:00,14.812999999999995
2023-09-16 14:00:00,14.47383333333333
2023-09-16 15:00:00,16.124833333333335
2023-09-16 16:00:00,18.035833333333333
2023-09-16 17:00:00,21.28783333333333
2023-09-16 18:00:00,19.005166666666664
2023-09-16 19:00:00,16.762499999999996
2023-09-16 20:00:00,14.306166666666668
2023-09-16 21:00:00,13.45183333333333
2023-09-16 22:00:00,13.03866666666667
2023-09-16 23:00:00,12.469166666666668
2023-09-17 00:00:00,12.002999999999998
2023-09-17 01:00:00,11.428833333333335
2023-09-17 02:00:00,11.140833333333344
2023-09-17 03:00:00,10.979166666666664
2023-09-17 04:00:00,10.790999999999999
2023-09-17 05:00:00,10.57283333333333
2023-09-17 06:00:00,10.422666666666661
2023-09-17 07:00:00,10.5865
2023-09-17 08:00:00,10.823333333333334
2023-09-17 09:00:00,11.461666666666664
2023-09-17 10:00:00,12.425333333333334
2023-09-17 11:00:00,13.610666666666667
2023-09-17 12:00:00,15.029166666666665
2023-09-17 13:00:00,15.930666666666667
2023-09-17 14:00:00,16.841499999999996
2023-09-17 15:00:00,16.96633333333334
2023-09-17 16:00:00,17.184833333333334
2023-09-17 17:00:00,18.209666666666674
2023-09-17 18:00:00,17.7375
2023-09-17 19:00:00,17.014
2023-09-17 20:00:00,15.575
2023-09-17 21:00:00,14.43883333333333
2023-09-17 22:00:00,13.612333333333336
2023-09-17 23:00:00,12.89483333333334
2023-09-18 00:00:00,12.056500000000005
2023-09-18 01:00:00,11.589999999999995
2023-09-18 02:00:00,11.189666666666662
2023-09-18 03:00:00,10.775166666666667
2023-09-18 04:00:00,10.361499999999996
2023-09-18 05:00:00,9.98866666666667
2023-09-18 06:00:00,9.881333333333334
2023-09-18 07:00:00,10.248
2023-09-18 08:00:00,10.58533333333334
2023-09-18 09:00:00,13.311666666666666
2023-09-18 10:00:00,16.21084745762712
2023-09-18 11:00:00,16.136833333333332
2023-09-18 12:00:00,25.493666666666666
2023-09-18 13:00:00,28.292666666666666
2023-09-18 14:00:00,26.956166666666665
2023-09-18 15:00:00,24.768833333333326
2023-09-18 16:00:00,24.437666666666654
2023-09-18 17:00:00,25.511999999999997
2023-09-18 18:00:00,23.69633333333334
2023-09-18 19:00:00,22.88783333333333
2023-09-18 20:00:00,22.470333333333336
2023-09-18 21:00:00,22.18166666666668
2023-09-18 22:00:00,22.20133333333335
2023-09-18 23:00:00,22.17399999999999
2023-09-19 00:00:00,22.57866666666666
2023-09-19 01:00:00,22.901333333333334
2023-09-19 02:00:00,22.84150000000001
2023-09-19 03:00:00,22.74150000000001
2023-09-19 04:00:00,22.41983333333333
2023-09-19 05:00:00,22.08966666666668
2023-09-19 06:00:00,21.904166666666665
2023-09-19 07:00:00,22.12483333333333
2023-09-19 08:00:00,22.380333333333336
2023-09-19 09:00:00,22.284500000000005
2023-09-19 10:00:00,22.2445
2023-09-19 11:00:00,22.009166666666665
2023-09-19 12:00:00,22.103333333333346
2023-09-19 13:00:00,22.44633333333333
2023-09-19 14:00:00,22.037666666666674
2023-09-19 15:00:00,22.44616666666667
2023-09-19 16:00:00,22.586499999999987
2023-09-19 17:00:00,23.248333333333346
2023-09-19 18:00:00,22.3165
2023-09-19 19:00:00,21.5815
2023-09-19 20:00:00,21.084499999999988
2023-09-19 21:00:00,20.64116666666665
2023-09-19 22:00:00,20.417833333333327
2023-09-19 23:00:00,20.346166666666647
2023-09-20 00:00:00,20.17016666666665
2023-09-20 01:00:00,20.048666666666644
2023-09-20 02:00:00,19.89483333333332
2023-09-20 03:00:00,19.829999999999988
2023-09-20 04:00:00,19.761333333333337
2023-09-20 05:00:00,19.519833333333327
2023-09-20 06:00:00,19.197999999999997
2023-09-20 07:00:00,19.677166666666665
2023-09-20 08:00:00,19.87316666666666
2023-09-20 09:00:00,20.467999999999996
2023-09-20 10:00:00,20.517500000000005
2023-09-20 11:00:00,20.624000000000006
2023-09-20 12:00:00,20.960166666666673
2023-09-20 13:00:00,21.19483333333333
2023-09-20 14:00:00,20.97333333333334
2023-09-20 15:00:00,20.932166666666664
2023-09-20 16:00:00,20.673000000000012
2023-09-20 17:00:00,20.553666666666654
2023-09-20 18:00:00,20.797166666666673
2023-09-20 19:00:00,20.469166666666666
2023-09-20 20:00:00,20.063166666666667
2023-09-20 21:00:00,19.73033333333334
2023-09-20 22:00:00,19.174666666666674
2023-09-20 23:00:00,18.702333333333332
2023-09-21 00:00:00,18.321500000000004
2023-09-21 01:00:00,17.950500000000012
2023-09-21 02:00:00,17.581000000000003
2023-09-21 03:00:00,17.15616666666666
2023-09-21 04:00:00,16.8345
2023-09-21 05:00:00,16.52766666666667
2023-09-21 06:00:00,16.203833333333325
2023-09-21 07:00:00,16.114666666666672
2023-09-21 08:00:00,16.5405
2023-09-21 09:00:00,16.523
2023-09-21 10:00:00,17.07266666666667
2023-09-21 11:00:00,17.709500000000006
2023-09-21 12:00:00,18.879166666666666
2023-09-21 13:00:00,19.377666666666666
2023-09-21 14:00:00,20.273999999999994
2023-09-21 15:00:00,20.991333333333326
2023-09-21 16:00:00,22.05433333333332
2023-09-21 17:00:00,24.808833333333336
2023-09-21 18:00:00,23.59216666666667
2023-09-21 19:00:00,22.245000000000005
2023-09-21 20:00:00,21.36216666666666
2023-09-21 21:00:00,20.567333333333327
2023-09-21 22:00:00,19.904166666666672
2023-09-21 23:00:00,19.25150000000001
2023-09-22 00:00:00,18.62
2023-09-22 01:00:00,18.097500000000004
2023-09-22 02:00:00,17.905166666666666
2023-09-22 03:00:00,17.601833333333328
2023-09-22 04:00:00,17.191333333333326
2023-09-22 05:00:00,16.8185
2023-09-22 06:00:00,16.41683333333334
2023-09-22 07:00:00,16.16033333333333
2023-09-22 08:00:00,16.324166666666667
2023-09-22 09:00:00,16.781166666666667
2023-09-22 10:00:00,17.125666666666653
2023-09-22 11:00:00,17.853833333333334
2023-09-22 12:00:00,18.746333333333325
2023-09-22 13:00:00,19.614333333333327
2023-09-22 14:00:00,20.942333333333345
2023-09-22 15:00:00,22.36333333333334
2023-09-22 16:00:00,23.839166666666664
2023-09-22 17:00:00,26.297666666666665
2023-09-22 18:00:00,24.63983333333334
2023-09-22 19:00:00,23.36283333333333
2023-09-22 20:00:00,22.68283333333334
2023-09-22 21:00:00,22.161166666666652
2023-09-22 22:00:00,21.640333333333345
2023-09-22 23:00:00,21.169500000000017
2023-09-23 00:00:00,20.658
2023-09-23 01:00:00,20.044166666666676
2023-09-23 02:00:00,19.799833333333336
2023-09-23 03:00:00,19.57933333333332
2023-09-23 04:00:00,19.383666666666667
2023-09-23 05:00:00,19.050333333333324
2023-09-23 06:00:00,18.89216666666667
2023-09-23 07:00:00,18.64033333333334
2023-09-23 08:00:00,18.653666666666666
2023-09-23 09:00:00,18.8865
2023-09-23 10:00:00,19.517499999999988
2023-09-23 11:00:00,20.297833333333333
2023-09-23 12:00:00,21.325500000000012
2023-09-23 13:00:00,22.38883333333333
2023-09-23 14:00:00,23.552333333333344
2023-09-23 15:00:00,24.177499999999995
2023-09-23 16:00:00,24.6835
2023-09-23 17:00:00,24.541333333333327
2023-09-23 18:00:00,24.207666666666675
2023-09-23 19:00:00,23.406
2023-09-23 20:00:00,22.81916666666665
2023-09-23 21:00:00,22.37366666666668
2023-09-23 22:00:00,21.93166666666667
2023-09-23 23:00:00,21.65499999999999
2023-09-24 00:00:00,21.34350000000002
2023-09-24 01:00:00,21.020333333333348
2023-09-24 02:00:00,20.90833333333333
2023-09-24 03:00:00,20.75483333333336
2023-09-24 04:00:00,20.526833333333347
2023-09-24 05:00:00,20.317
2023-09-24 06:00:00,20.020666666666667
2023-09-24 07:00:00,19.766333333333346
2023-09-24 08:00:00,19.644000000000013
2023-09-24 09:00:00,19.82583333333332
2023-09-24 10:00:00,20.38933333333332
2023-09-24 11:00:00,20.862833333333338
2023-09-24 12:00:00,21.51650000000001
2023-09-24 13:00:00,21.554166666666674
2023-09-24 14:00:00,21.604333333333336
2023-09-24 15:00:00,22.20350000000001
2023-09-24 16:00:00,22.398666666666664
2023-09-24 17:00:00,22.13000000000001
2023-09-24 18:00:00,21.53766666666667
2023-09-24 19:00:00,21.000666666666678
2023-09-24 20:00:00,20.7065
2023-09-24 21:00:00,20.394000000000002
2023-09-24 22:00:00,20.13366666666666
2023-09-24 23:00:00,19.8395
2023-09-25 00:00:00,19.63466666666667
2023-09-25 01:00:00,19.223833333333353
2023-09-25 02:00:00,18.98900000000001
2023-09-25 03:00:00,18.75366666666666
2023-09-25 04:00:00,18.440166666666673
2023-09-25 05:00:00,18.122833333333325
2023-09-25 06:00:00,17.813499999999994
2023-09-25 07:00:00,17.44333333333333
2023-09-25 08:00:00,17.202333333333332
2023-09-25 09:00:00,17.39550000000001
2023-09-25 10:00:00,17.965166666666672
2023-09-25 11:00:00,19.054000000000002
2023-09-25 12:00:00,20.75366666666667
2023-09-25 13:00:00,23.27266666666667
2023-09-25 14:00:00,24.19833333333334
2023-09-25 15:00:00,24.356666666666666
2023-09-25 16:00:00,24.04
2023-09-25 17:00:00,24.704166666666666
2023-09-25 18:00:00,23.883000000000006
2023-09-25 19:00:00,22.801166666666663
2023-09-25 20:00:00,22.1885
2023-09-25 21:00:00,21.80716666666667
2023-09-25 22:00:00,21.41633333333334
2023-09-25 23:00:00,20.9325
2023-09-26 00:00:00,20.61516666666665
2023-09-26 01:00:00,20.32233333333333
2023-09-26 02:00:00,20.1945
2023-09-26 03:00:00,20.060666666666645
2023-09-26 04:00:00,19.888833333333327
2023-09-26 05:00:00,19.70066666666668
2023-09-26 06:00:00,19.62866666666666
2023-09-26 07:00:00,19.616666666666653
2023-09-26 08:00:00,19.66433333333333
2023-09-26 09:00:00,19.87733333333334
2023-09-26 10:00:00,20.049333333333326
2023-09-26 11:00:00,20.673000000000005
2023-09-26 12:00:00,21.255833333333346
2023-09-26 13:00:00,22.7475
2023-09-26 14:00:00,24.659999999999997
2023-09-26 15:00:00,25.57083333333333
2023-09-26 16:00:00,26.158166666666673
2023-09-26 17:00:00,26.67466666666666
2023-09-26 18:00:00,25.563999999999986
2023-09-26 19:00:00,24.663833333333336
2023-09-26 20:00:00,24.049833333333343
2023-09-26 21:00:00,23.46116666666667
2023-09-26 22:00:00,22.85333333333334
2023-09-26 23:00:00,22.41533333333333
2023-09-27 00:00:00,22.153166666666664
2023-09-27 01:00:00,21.80083333333334
2023-09-27 02:00:00,21.387166666666673
2023-09-27 03:00:00,21.210500000000007
2023-09-27 04:00:00,20.904666666666678
2023-09-27 05:00:00,20.73000000000001
2023-09-27 06:00:00,20.68533333333333
2023-09-27 07:00:00,20.555666666666653
2023-09-27 08:00:00,20.42033333333334
2023-09-27 09:00:00,20.33666666666665
2023-09-27 10:00:00,20.72216666666668
2023-09-27 11:00:00,21.370500000000003
2023-09-27 12:00:00,22.555
2023-09-27 13:00:00,23.76583333333333
2023-09-27 14:00:00,24.763166666666667
2023-09-27 15:00:00,25.67083333333333
2023-09-27 16:00:00,26.004333333333346
2023-09-27 17:00:00,26.596333333333334
2023-09-27 18:00:00,25.562166666666673
2023-09-27 19:00:00,24.62483333333333
2023-09-27 20:00:00,24.157499999999995
2023-09-27 21:00:00,23.76833333333335
2023-09-27 22:00:00,23.183666666666674
2023-09-27 23:00:00,22.55416666666667
2023-09-28 00:00:00,21.84650000000001
2023-09-28 01:00:00,21.369833333333343
2023-09-28 02:00:00,20.95600000000001
2023-09-28 03:00:00,20.48450000000001
2023-09-28 04:00:00,20.267333333333333
2023-09-28 05:00:00,20.058833333333336
2023-09-28 06:00:00,19.786666666666672
2023-09-28 07:00:00,19.617166666666666
2023-09-28 08:00:00,19.56183333333333
2023-09-28 09:00:00,19.63733333333332
2023-09-28 10:00:00,19.785333333333327
2023-09-28 11:00:00,20.27533333333334
2023-09-28 12:00:00,21.293666666666674
2023-09-28 13:00:00,23.127833333333346
2023-09-28 14:00:00,24.46683333333333
2023-09-28 15:00:00,25.89550000000001
2023-09-28 16:00:00,27.4225
2023-09-28 17:00:00,28.583666666666666
2023-09-28 18:00:00,26.88183333333333
2023-09-28 19:00:00,25.697333333333315
2023-09-28 20:00:00,24.83866666666666
2023-09-28 21:00:00,24.260500000000004
2023-09-28 22:00:00,23.66516666666668
2023-09-28 23:00:00,23.11366666666667
2023-09-29 00:00:00,22.68383333333332
2023-09-29 01:00:00,22.3835
2023-09-29 02:00:00,21.89016666666665
2023-09-29 03:00:00,21.642666666666685
2023-09-29 04:00:00,21.19733333333333
2023-09-29 05:00:00,21.139333333333347
2023-09-29 06:00:00,21.072666666666674
2023-09-29 07:00:00,20.857166666666668
2023-09-29 08:00:00,20.862833333333345
2023-09-29 09:00:00,20.984333333333353
2023-09-29 10:00:00,20.929666666666684
2023-09-29 11:00:00,20.94733333333334
2023-09-29 12:00:00,21.00316666666666
2023-09-29 13:00:00,21.435833333333328
2023-09-29 14:00:00,22.00566666666666
2023-09-29 15:00:00,22.786999999999995
2023-09-29 16:00:00,23.992833333333355
2023-09-29 17:00:00,23.89183333333333
2023-09-29 18:00:00,23.37199999999999
2023-09-29 19:00:00,22.858333333333345
2023-09-29 20:00:00,22.526666666666674
2023-09-29 21:00:00,22.203999999999986
2023-09-29 22:00:00,21.968666666666657
2023-09-29 23:00:00,21.74083333333335
2023-09-30 00:00:00,21.50366666666668
2023-09-30 01:00:00,21.36383333333333
2023-09-30 02:00:00,21.1795
2023-09-30 03:00:00,20.961833333333324
2023-09-30 04:00:00,20.642333333333326
2023-09-30 05:00:00,20.31616666666667
2023-09-30 06:00:00,19.881000000000007
2023-09-30 07:00:00,19.621333333333325
2023-09-30 08:00:00,19.47766666666668
2023-09-30 09:00:00,19.5845
2023-09-30 10:00:00,19.801499999999994
2023-09-30 11:00:00,20.576666666666664
2023-09-30 12:00:00,22.08583333333333
2023-09-30 13:00:00,23.711666666666666
2023-09-30 14:00:00,24.977166666666665
2023-09-30 15:00:00,26.32266666666668
2023-09-30 16:00:00,26.741999999999994
2023-09-30 17:00:00,26.60350000000001
2023-09-30 18:00:00,25.503666666666664
2023-09-30 19:00:00,23.894500000000004
2023-09-30 20:00:00,22.470166666666675
2023-09-30 21:00:00,21.676333333333336
2023-09-30 22:00:00,21.12900000000001
2023-09-30 23:00:00,20.662499999999987
